CreationDate,visit,raw,tree,Panonychus,Bryobia,Tetranychus,Bryobia,Panonychus,Bryobia,Tetranychus,Predatory,Panonychus,Bryobia,Tetranychus,Predatory,Panonychus,Bryobia,Tetranychus,Predatory,Panonychus,Bryobia,Tetranychus,Predatory,Panonychus,Bryobia,Tetranychus,Predatory,Panonychus,Bryobia,Tetranychus,Predatory,Panonychus,Bryobia,Tetranychus,Predatory,Panonychus,Bryobia,Tetranychus,Predatory,Panonychus,Bryobia,Tetranychus,Predatory,נזק,ציקדה,כנימת עלה,נוכחות חיפושית Predatory,Panonychus,Bryobia,Tetranychus,Predatory,ביצים צמחוניות,ביצים טורפות,הערות,ביצים צמחוניות,ביצים טורפות,ביצים צמחוניות,ביצים טורפות,ביצים צמחוניות,ביצים טורפות,ביצים צמחוניות,ביצים טורפות,ביצים צמחוניות,ביצים טורפות,ביצים צמחוניות,ביצים טורפות,ביצים צמחוניות,ביצים טורפות,ביצים טורפות,ביצים צמחוניות,ביצים צמחוניות,ביצים טורפות
31/05/2023 5:32,1,23,1,0,1-5,0,0,0,0,0,0,0,1-5,0,0,0,1-5,0,0,0,0,0,0,0,0,0,0,0,0,1-5,0,0,0,0,0,0,0,0,0,0,1-5,0,0,כן,לא,כן,לא,,,,,,,,,,,,,,,,,,,,,,,,,
31/05/2023 5:53,1,23,10,0,0,0,0,0,0,0,0,0,0,0,0,0,1-5,1-5,0,0,0,5-10,0,0,0,0,0,0,0,0,0,0,0,0,0,0,0,1-5,0,0,0,1-5,0,כן,לא,כן,לא,,,,,,,,,,,,,,,,,,,,,,,,,
31/05/2023 6:00,1,22,1,0,0,0,0,0,0,0,1-5,0,0,0,0,0,0,0,1-5,0,0,0,0,0,0,0,0,0,0,0,0,0,0,0,0,0,0,0,0,0,0,0,0,לא,,כן,,,,,,,,,,,,,,,,,,,,,,,,,,
31/05/2023 6:02,1,23,20,0,0,0,0,0,0,0,0,0,0,0,0,0,0,10+,0,0,0,1-5,0,0,0,0,0,0,0,1-5,0,0,0,0,0,0,0,0,0,0,0,0,0,כן,לא,כן,לא,,,,,,,,,,,,,,,,,,,,,,,,,
31/05/2023 6:14,1,23,30,0,0,1-5,0,0,0,1-5,0,0,0,1-5,0,0,1-5,1-5,0,0,0,0,0,1-5,0,0,0,0,1-5,10+,0,0,0,0,0,0,0,0,0,0,0,0,0,לא,לא,כן,לא,,,,,,,,,,,,,,,,,,,,,,,,,
31/05/2023 6:14,1,22,10,,,1-5,,0,0,0,0,0,0,0,0,0,0,1-5,0,1-5,0,0,0,0,0,0,0,0,0,0,0,0,0,0,0,0,0,0,0,0,0,0,0,,,כן,,,,,,,,,,,,,,,,,,,,,,,,,,
31/05/2023 6:24,1,23,40,0,0,1-5,0,0,1-5,5-10,0,0,0,0,0,0,0,1-5,0,0,0,0,0,0,0,0,0,0,0,0,0,0,0,1-5,0,0,0,0,0,1-5,0,0,0,לא,לא,כן,לא,,,,,,,,,,,,,,,,,,,,,,,,,
31/05/2023 6:28,1,22,20,0,0,0,0,0,0,0,0,0,0,1-5,0,0,5-10,1-5,0,0,0,0,0,0,0,0,0,0,0,0,0,0,0,0,0,0,0,0,0,0,0,0,0,,,כן,,,,,,,,,,,,,,,,,,,,,,,,,,
31/05/2023 6:33,1,23,50,0,0,0,0,0,0,1-5,0,0,0,1-5,0,0,0,10+,0,1-5,0,0,0,0,0,0,0,0,0,0,0,0,0,0,0,0,0,0,0,0,0,0,0,לא,כן,כן,לא,,,,,,,,,,,,,,,,,,,,,,,,,
31/05/2023 6:38,1,22,30,1-5,0,0,0,0,1-5,0,0,0,1-5,0,0,0,0,0,0,0,0,1-5,0,0,0,0,0,1-5,0,0,0,0,0,0,0,1-5,0,0,0,0,0,0,0,,,כן,,,,,,,,,,,,,,,,,,,,,,,,,,
31/05/2023 6:41,1,23,60,0,0,1-5,0,0,0,1-5,0,0,0,5-10,0,0,0,5-10,0,0,0,1-5,0,0,0,0,0,0,0,0,0,0,0,0,0,0,0,0,0,0,0,0,0,לא,לא,כן,לא,,,,,,,,,,,,,,,,,,,,,,,,,
31/05/2023 6:48,1,22,40,0,0,1-5,0,0,1-5,0,0,0,1-5,1-5,0,0,1-5,1-5,0,0,1-5,0,0,0,0,0,0,0,1-5,0,0,0,0,0,0,0,0,0,0,0,1-5,0,0,,לא,לא,לא,,,,,,,,,,,,,,,,,,,,,,,,,
31/05/2023 6:49,1,23,68,0,0,0,0,0,0,1-5,0,0,0,0,0,0,0,0,0,0,0,0,0,0,0,0,0,0,0,0,0,0,0,0,0,0,0,0,0,0,0,0,0,כן,לא,כן,לא,,,,,,,,,,,,,,,,,,,,,,,,,
31/05/2023 7:00,1,21,1,0,0,0,0,0,0,0,0,0,0,1-5,0,0,0,0,0,0,0,0,0,0,0,0,0,0,0,0,0,0,0,0,0,0,0,0,0,0,0,0,0,לא,לא,כן,לא,,,,,,,,,,,,,,,,,,,,,,,,,
31/05/2023 7:01,1,22,50,1-5,0,0,0,0,0,0,0,1-5,0,0,0,0,0,1-5,0,0,0,0,0,0,0,1-5,0,0,0,0,0,0,0,0,0,0,0,1-5,0,0,0,1-5,0,,,כן,,,,,,,,,,,,,,,,,,,,,,,,,,
31/05/2023 7:08,1,21,10,0,0,0,0,0,0,0,0,0,0,0,1-5,0,0,1-5,0,0,0,0,0,0,0,0,0,0,0,0,0,0,0,0,0,0,0,0,0,0,0,0,0,כן,לא,כן,לא,,,,,,,,,,,,,,,,,,,,,,,,,
31/05/2023 7:17,1,21,20,0,0,0,0,0,0,0,0,0,0,0,0,0,0,0,0,0,0,0,0,0,0,0,0,0,0,0,0,0,0,0,0,0,0,0,0,0,0,0,0,,לא,כן,כן,,,,,,,,,,,,,,,,,,,,,,,,,
31/05/2023 7:20,1,22,68,0,0,0,0,0,0,1-5,0,0,0,0,0,0,1-5,0,0,0,1-5,0,0,0,1-5,0,0,0,0,0,0,0,0,0,0,0,0,0,0,0,0,0,0,,,כן,,,,,,,,,,,,,,,,,,,,,,,,,,
31/05/2023 7:25,1,21,30,1-5,1-5,0,0,0,0,1-5,0,0,0,1-5,0,0,0,1-5,0,0,0,0,0,0,0,0,0,0,0,0,0,0,0,0,0,0,0,0,0,0,0,0,0,לא,לא,כן,לא,,,,,,,,,,,,,,,,,,,,,,,,,
31/05/2023 7:27,1,22,60,0,0,0,0,0,0,1-5,0,0,0,5-10,0,0,0,5-10,0,0,0,0,0,0,0,0,0,0,0,0,0,0,0,0,0,0,0,0,0,0,0,0,0,,,כן,,,,,,,,,,,,,,,,,,,,,,,,,,
31/05/2023 7:32,1,21,40,0,0,0,0,0,0,0,0,0,0,0,0,0,0,0,0,0,0,0,0,0,0,0,0,0,0,0,0,0,0,0,0,1-5,0,0,0,0,0,0,0,לא,לא,כן,לא,,,,,,,,,,,,,,,,,,,,,,,,,
31/05/2023 8:11,1,21,50,0,0,0,0,0,0,0,0,0,0,0,0,0,0,1-5,0,0,0,1-5,0,0,0,0,0,0,0,1-5,0,0,0,0,0,0,0,0,0,0,1-5,0,0,לא,לא,כן,לא,,,,,,,,,,,,,,,,,,,,,,,,,
31/05/2023 8:14,1,20,1,0,0,0,0,0,0,0,0,0,0,0,0,0,0,0,0,0,0,0,0,0,0,0,0,0,0,0,0,0,0,0,0,0,0,0,0,0,0,0,0,,לא,לא,לא,,,,,,,,,,,,,,,,,,,,,,,,,
31/05/2023 8:17,1,21,60,0,0,0,0,0,0,0,0,0,0,0,0,0,0,1-5,0,0,0,0,0,0,0,0,0,0,0,0,0,0,0,0,0,0,0,0,0,0,0,0,0,לא,לא,כן,לא,,,,,,,,,,,,,,,,,,,,,,,,,
31/05/2023 8:20,1,20,10,0,0,1-5,0,0,0,10+,0,0,0,1-5,0,0,0,1-5,0,0,0,0,0,0,0,0,0,0,0,0,0,0,0,0,0,0,0,0,0,0,0,0,0,,לא,כן,לא,,,,,,,,,,,,,,,,,,,,,,,,,
31/05/2023 8:24,1,21,68,0,0,0,0,0,0,0,0,0,0,0,0,1-5,0,0,0,0,0,0,0,0,0,1-5,0,0,0,0,0,0,0,0,0,0,0,0,0,0,0,0,0,,לא,כן,לא,,,,,,,,,,,,,,,,,,,,,,,,,
31/05/2023 8:37,1,20,20,0,0,10+,1-5,0,0,5-10,0,0,1-5,10+,0,0,0,5-10,0,0,0,1-5,0,0,0,0,0,0,0,0,0,0,0,0,0,0,0,0,0,0,0,10+,0,לא,לא,כן,כן,,,,,,,,,,,,,,,,,,,,,,,,,
31/05/2023 8:43,1,20,30,0,0,5-10,0,0,0,0,0,0,0,1-5,0,0,0,1-5,0,0,0,1-5,0,0,0,0,0,0,0,0,0,0,0,0,0,0,0,0,0,0,0,0,0,לא,לא,כן,לא,,,,,,,,,,,,,,,,,,,,,,,,,
31/05/2023 8:48,1,20,39,0,0,1-5,0,0,0,0,0,0,1-5,1-5,0,0,0,0,0,0,0,0,0,0,0,0,0,0,0,0,0,0,0,0,0,0,0,0,0,0,0,0,0,לא,לא,כן,לא,,,,,,,,,,,,,,,,,,,,,,,,,
31/05/2023 8:53,1,20,49,0,0,1-5,0,0,0,5-10,1-5,0,1-5,0,0,0,0,0,0,0,0,0,0,0,0,0,0,0,0,0,0,0,0,0,0,0,0,0,0,0,0,0,0,,לא,כן,לא,,,,,,,,,,,,,,,,,,,,,,,,,
31/05/2023 8:58,1,20,60,0,0,0,0,0,0,0,0,0,1-5,5-10,0,0,0,0,0,0,0,0,0,0,0,1-5,0,0,0,0,0,0,0,1-5,0,0,0,0,0,0,0,0,0,,לא,כן,לא,,,,,,,,,,,,,,,,,,,,,,,,,
31/05/2023 9:02,1,20,68,0,0,0,0,0,0,0,0,0,0,0,0,0,0,5-10,0,0,0,0,0,0,0,0,0,0,0,0,0,0,0,0,0,0,0,0,0,0,0,0,0,,לא,לא,לא,,,,,,,,,,,,,,,,,,,,,,,,,
05/06/2023 4:35,1,18,5,,,,,0,0,0,0,0,0,0,0,0,0,0,0,0,0,0,0,0,0,0,0,1-5,0,1-5,0,0,0,0,0,0,0,0,0,0,0,0,0,,לא,לא,,0,0,0,0,0,,,0,0,0,0,0,0,0,0,0,0,1-5,,0,0,0,0,0,0
05/06/2023 4:46,1,18,20,,,,,0,0,0,0,0,0,0,0,0,0,1-5,0,0,0,0,0,0,1-5,1-5,0,0,1-5,0,0,,,,,0,0,0,0,0,0,0,0,,כן,לא,,0,0,0,0,1-5,1-5,,0,0,0,0,0,0,0,0,0,0,0,0,,,0,0,0,0
05/06/2023 4:56,1,18,35,,,,,0,0,1-5,0,0,0,0,0,0,0,0,0,0,0,0,0,0,0,0,0,0,0,0,0,0,0,0,0,0,0,0,0,0,0,0,0,,לא,לא,,0,0,1-5,0,0,0,,0,0,0,0,0,0,0,0,0,0,0,0,0,0,0,0,0,0
05/06/2023 5:07,1,18,50,,,,,0,0,0,0,0,0,0,0,0,0,0,0,0,0,0,0,1-5,0,1-5,0,0,0,1-5,0,0,0,0,0,0,0,0,0,0,0,0,0,,לא,לא,,0,0,1-5,0,0,0,,0,0,0,0,0,0,0,0,0,0,0,0,0,0,0,0,0,0
05/06/2023 5:21,1,18,65,,,,,0,0,5-10,0,0,0,1-5,0,0,0,0,0,0,0,0,0,0,0,1-5,0,0,0,1-5,0,0,0,0,0,0,0,0,0,0,0,0,0,,לא,לא,,1-5,0,1-5,0,1-5,0,,0,0,0,0,0,0,,,1-5,0,1-5,0,0,0,0,1-5,0,0
05/06/2023 5:39,1,17,5,,,,,0,1-5,1-5,1-5,0,5-10,0,1-5,0,5-10,0,0,0,1-5,0,0,1-5,1-5,0,0,1-5,1-5,0,0,1-5,1-5,0,0,1-5,1-5,0,0,1-5,0,0,0,,כן,לא,,1-5,1-5,0,0,0,0,,0,0,0,0,,0,0,0,0,0,0,0,1-5,0,0,0,0,0
05/06/2023 5:52,1,17,20,,,,,0,0,1-5,0,0,0,1-5,0,0,0,1-5,0,0,0,1-5,0,1-5,1-5,0,0,0,0,1-5,0,0,0,1-5,0,1-5,0,0,0,0,0,0,0,,כן,לא,,0,0,10+,0,0,0,,1-5,0,0,0,0,0,0,0,1-5,0,0,0,1-5,0,0,0,0,0
05/06/2023 6:06,1,17,35,,,,,0,0,1-5,0,0,0,1-5,0,0,0,5-10,10+,0,0,1-5,1-5,0,1-5,1-5,0,1-5,0,0,0,1-5,0,0,0,1-5,0,0,0,1-5,0,0,0,כן,כן,לא,,1-5,1-5,0,1-5,0,0,,0,0,0,0,1-5,1-5,0,0,0,0,0,0,0,0,0,0,0,0
05/06/2023 6:14,1,17,50,,,,,0,0,0,0,1-5,0,0,0,1-5,0,0,0,0,1-5,0,1-5,1-5,0,0,0,1-5,0,0,0,1-5,0,0,0,1-5,0,0,0,0,0,0,0,,לא,לא,,1-5,0,0,0,0,0,,1-5,0,0,0,0,0,0,0,0,0,0,0,0,0,0,0,0,0
05/06/2023 6:31,1,15,5,,,,,1-5,0,1-5,0,1-5,0,1-5,0,0,0,0,0,0,1-5,0,0,1-5,0,0,0,0,0,1-5,0,0,0,0,0,1-5,0,0,0,0,0,0,0,,כן,,,0,0,0,0,1-5,0,,1-5,0,0,0,0,,1-5,0,0,0,0,0,0,0,0,0,0,0
05/06/2023 6:37,1,15,20,,,,,0,0,1-5,0,1-5,0,0,0,1-5,0,0,1-5,0,0,0,0,1-5,0,5-10,0,0,0,0,0,1-5,0,0,0,0,0,0,0,0,0,0,0,,לא,לא,,0,0,0,0,0,0,,0,1-5,1-5,0,0,1-5,0,0,0,0,0,0,0,0,0,0,0,0
05/06/2023 6:43,1,15,35,,,,,1-5,0,0,0,0,0,1-5,0,0,0,0,0,0,0,1-5,0,0,0,0,0,1-5,0,0,0,1-5,0,0,0,1-5,0,0,0,1-5,0,0,0,,לא,לא,,1-5,0,0,0,0,0,,0,0,0,0,0,0,0,0,0,0,0,0,0,0,,0,0,0
05/06/2023 6:51,1,15,50,,,,,0,1-5,0,0,0,0,0,0,0,0,0,0,0,0,0,1-5,,,,,,,,,,,,,1-5,0,0,0,0,0,0,1-5,,כן,,,1-5,0,0,0,0,0,עץ אחרון בשורהה,0,0,0,0,0,0,0,0,,,,,,,0,0,0,0
05/06/2023 7:31,1,12,2,,,,,1-5,0,0,1-5,0,0,0,1-5,0,1-5,0,1-5,0,0,0,0,0,0,0,0,1-5,0,0,0,,,,,,,,,,,,,,,,,1-5,1-5,,1-5,,,,0,0,0,0,0,0,0,0,0,0,0,0,,,,,,
05/06/2023 7:31,1,12,15,,,,,0,0,0,0,0,0,0,0,0,0,0,0,0,0,0,0,1-5,0,0,0,0,0,0,0,0,0,0,0,0,0,0,0,0,0,0,0,,,,,1-5,0,0,0,0,0,"שתי אקריות מצוצות על עלה, סימנתי 0",0,0,0,0,0,0,0,0,0,0,0,0,0,0,0,0,0,0
05/06/2023 7:44,1,12,35,,,,,0,0,0,0,0,0,0,0,0,0,0,0,0,0,0,0,0,0,0,0,0,0,0,0,0,0,0,0,0,0,0,0,0,0,0,0,,כן,לא,,0,0,0,0,0,0,,0,0,0,0,0,0,0,0,0,0,0,0,0,0,0,0,0,0
05/06/2023 7:44,1,12,50,,,,,0,0,1-5,0,1-5,0,0,1-5,0,0,0,1-5,0,0,0,0,0,0,0,0,0,0,0,0,0,0,0,0,0,0,0,0,1-5,0,0,0,,,,,1-5,0,0,0,0,0,אקרית Tetranychus מצוצה,0,0,0,0,0,0,0,0,0,0,0,0,0,0,0,0,0,0
05/06/2023 8:58,1,12,65,,,,,0,0,0,10+,0,0,0,1-5,0,0,0,0,0,0,0,1-5,0,0,1-5,0,0,0,0,0,0,0,0,0,0,0,0,0,0,0,0,0,,,,,0,1-5,0,0,0,0,"Panonychus מצוצה בפנים, Tetranychus מצוצה בחוץ",0,0,0,0,0,0,0,0,0,0,0,0,0,0,0,0,0,0
05/06/2023 8:58,1,10,2,,,,,0,0,0,0,0,0,0,0,0,0,0,0,0,0,0,0,,,,1-5,0,,0,0,0,0,0,0,0,0,5-10,0,0,0,0,0,,,,,1-5,0,0,0,0,0,,0,0,0,0,0,0,0,0,0,0,1-5,0,0,0,0,0,1-5,0
05/06/2023 8:58,1,10,15,,,,,0,0,0,0,0,0,0,0,0,0,1-5,0,0,0,0,0,0,0,1-5,0,0,0,0,0,0,0,0,0,0,0,0,0,0,0,0,0,,לא,לא,,0,0,5-10,1-5,0,0,,0,0,0,0,0,0,0,0,0,0,0,0,0,0,0,0,0,0
05/06/2023 8:58,1,10,30,,,,,0,0,0,0,0,0,0,0,0,0,0,0,0,0,0,0,0,0,0,0,0,0,0,0,0,0,0,0,0,0,0,0,0,0,0,0,,לא,לא,,0,0,0,0,0,0,,0,0,0,0,0,0,0,0,0,0,0,0,0,0,0,0,0,0
05/06/2023 8:58,1,10,45,,,,,0,0,0,0,0,0,0,0,0,0,0,0,0,0,0,0,0,,1-5,0,0,0,0,0,0,0,0,0,0,0,0,0,0,0,0,0,,כן,לא,,0,0,0,0,0,0,,0,0,0,0,0,0,0,0,0,0,1-5,0,1-5,0,0,0,0,0
05/06/2023 8:58,1,10,60,,,,,0,0,0,0,0,0,0,0,0,0,0,0,0,0,0,0,0,0,0,0,0,0,0,0,0,0,0,0,0,0,0,0,0,0,0,0,,,,,0,0,1-5,0,0,0,אקרית Tetranychus מצוצה בעלה פנימי,1-5,0,1-5,0,0,0,0,0,0,0,0,0,0,0,0,0,0,0
05/06/2023 8:58,1,8,5,,,,,0,0,0,0,0,1-5,0,0,0,1-5,0,0,0,1-5,0,0,0,1-5,0,0,0,0,1-5,0,0,0,0,0,1-5,0,0,0,1-5,0,0,0,,כן,לא,,0,0,10+,0,0,0,,1-5,1-5,1-5,0,0,0,0,0,0,0,0,0,1-5,0,0,0,0,0
05/06/2023 8:58,1,8,20,,,,,0,0,0,0,0,0,1-5,0,0,0,0,0,0,0,0,0,1-5,1-5,1-5,0,0,0,0,0,0,0,1-5,0,0,0,0,0,0,0,0,0,,כן,לא,,1-5,1-5,1-5,0,1-5,0,,1-5,0,0,0,1-5,0,0,0,0,0,1-5,0,0,0,0,0,0,0
05/06/2023 8:58,1,8,36,,,,,1-5,1-5,0,0,1-5,1-5,0,0,0,0,1-5,0,0,0,0,0,1-5,0,0,0,1-5,0,0,0,0,0,0,0,0,0,0,0,0,0,0,0,,לא,לא,,1-5,0,0,0,0,0,,1-5,0,1-5,0,1-5,0,0,0,1-5,0,1-5,0,0,0,0,0,0,0
05/06/2023 8:58,1,8,42,,,,,1-5,1-5,0,0,0,0,0,0,0,0,0,0,1-5,0,0,0,1-5,1-5,0,0,1-5,1-5,0,0,1-5,0,0,0,1-5,0,0,0,0,0,0,1-5,,כן,לא,,5-10,0,0,0,0,0,,0,0,0,0,0,0,0,0,0,0,0,0,0,0,0,0,0,0
05/06/2023 9:26,1,8,48,,,,,1-5,1-5,0,0,1-5,0,0,0,0,0,0,0,0,1-5,0,0,1-5,0,0,0,5-10,0,0,0,5-10,0,0,0,1-5,0,0,0,0,0,0,0,,כן,לא,,1-5,0,0,0,0,0,,0,0,1-5,0,1-5,0,0,0,0,0,0,,0,0,0,0,0,0
05/06/2023 9:26,1,6,2,,,,,0,10+,0,0,0,10+,0,0,0,0,0,0,0,0,0,0,0,0,0,0,0,0,0,0,0,0,0,0,0,0,0,0,0,5-10,0,0,,כן,לא,,0,5-10,0,0,0,0,,0,0,0,0,0,0,0,0,0,0,0,0,0,0,0,0,0,0
05/06/2023 9:57,1,6,15,,,,,5-10,0,0,0,1-5,0,0,0,0,0,0,0,0,0,0,5-10,5-10,0,0,0,1-5,0,0,0,0,0,0,0,0,0,0,0,0,0,0,0,,כן,לא,,1-5,0,1-5,0,0,0,,0,0,0,0,0,0,0,1-5,0,0,5-10,0,0,0,0,0,0,0
05/06/2023 9:57,1,6,30,,,,,0,1-5,1-5,0,1-5,1-5,0,0,1-5,0,0,0,0,0,0,0,5-10,0,0,0,1-5,0,0,0,1-5,0,0,0,1-5,0,0,0,0,0,0,0,,לא,לא,,5-10,,,,,,,1-5,0,0,0,1-5,0,0,0,0,0,0,0,0,0,0,0,0,
05/06/2023 9:57,1,6,45,,,,,1-5,0,0,1-5,0,0,1-5,0,1-5,0,0,0,0,0,0,0,1-5,0,0,0,0,1-5,0,0,5-10,1-5,0,0,5-10,0,0,0,0,0,0,0,,כן,לא,,1-5,0,0,1-5,0,0,,0,0,0,0,0,0,0,0,0,0,1-5,0,0,0,0,0,0,0
05/06/2023 9:57,1,6,52,,,,,0,0,1-5,0,0,0,0,0,0,0,0,0,0,0,0,0,1-5,0,0,0,1-5,0,0,0,5-10,0,0,0,0,0,0,0,1-5,0,0,0,,כן,לא,,1-5,0,0,0,0,0,,1-5,0,0,0,0,0,0,0,0,0,0,0,0,0,0,0,0,0
05/06/2023 12:27,1,19,5,,,,,0,0,0,0,0,0,1-5,0,0,0,0,0,0,0,1-5,0,0,0,0,0,0,0,0,0,0,0,0,0,0,0,0,0,0,0,0,0,לא,לא,לא,,0,0,1-5,0,10+,0,,0,0,1-5,0,0,0,1-5,0,0,0,0,0,0,0,0,0,0,0
05/06/2023 12:27,1,19,20,,,,,0,0,10+,0,1-5,0,1-5,0,0,0,0,0,0,0,1-5,0,0,0,0,0,0,0,0,0,1-5,0,0,0,0,0,0,0,0,0,0,0,לא,כן,לא,,0,0,1-5,0,0,0,,10+,0,0,0,0,0,1-5,0,0,0,0,0,0,0,0,0,0,0
05/06/2023 12:27,1,19,35,,,,,0,0,1-5,0,0,0,0,0,0,0,0,0,0,0,0,0,0,0,1-5,0,0,0,0,0,0,0,0,0,0,0,0,0,0,0,0,0,,כן,,,0,0,1-5,0,5-10,0,,0,0,0,0,0,0,0,0,0,0,0,0,0,0,0,0,0,0
05/06/2023 12:27,1,19,47,,,,,0,0,0,0,0,0,0,0,1-5,0,0,0,0,0,10+,0,1-5,0,0,0,0,0,0,0,0,,1-5,0,0,0,0,0,0,0,0,0,,כן,,,0,0,0,0,0,0,יש שקיק,0,0,0,0,1-5,0,10+,0,0,0,0,0,1-5,0,0,0,0,0
05/06/2023 12:27,1,19,60,,,,,0,0,1-5,0,1-5,0,0,0,0,0,0,0,0,0,0,0,0,0,1-5,0,0,0,0,0,1-5,0,5-10,0,0,0,0,0,0,0,0,0,,כן,,,0,0,0,0,0,0,,0,0,1-5,0,0,0,0,0,1-5,0,0,0,5-10,0,0,0,0,0
05/06/2023 12:27,1,16,1,,,,,0,0,0,0,0,1-5,1-5,0,0,0,0,0,1-5,0,0,0,0,0,0,0,0,0,0,0,1-5,0,0,0,1-5,0,0,0,0,0,0,0,כן,לא,לא,,0,0,1-5,0,0,0,שקיק,0,0,1-5,0,0,0,0,0,0,0,0,0,1-5,0,0,0,0,0
05/06/2023 12:27,1,16,15,,,,,1-5,1-5,1-5,0,1-5,0,0,1-5,1-5,1-5,1-5,0,0,0,1-5,0,5-10,0,0,0,0,0,0,0,1-5,0,0,0,1-5,1-5,0,0,1-5,0,0,0,,כן,,,1-5,1-5,0,0,0,0,,5-10,0,1-5,1-5,1-5,0,0,0,0,0,0,0,0,0,0,0,0,0
05/06/2023 12:27,1,16,31,,,,,0,1-5,1-5,0,0,0,10+,0,1-5,0,10+,1-5,0,0,5-10,1-5,1-5,0,0,0,1-5,1-5,10+,0,0,0,0,0,0,0,1-5,0,0,0,0,0,,כן,,,0,0,5-10,1-5,5-10,0,"עם שקיק
טורפות לבנות וגם אדמדמות",1-5,0,10+,0,10+,0,5-10,0,0,0,10+,0,0,0,0,5-10,0,0
05/06/2023 12:27,1,16,45,,,,,1-5,0,10+,0,0,0,10+,0,1-5,0,5-10,0,1-5,0,0,0,0,0,0,0,0,1-5,1-5,0,0,1-5,5-10,0,5-10,5-10,10+,0,5-10,1-5,0,0,,כן,,,0,0,5-10,0,5-10,0,,10+,0,10+,0,10+,0,0,0,1-5,0,5-10,0,5-10,0,0,5-10,1-5,0
05/06/2023 12:27,1,16,60,,,,,0,0,0,0,1-5,0,1-5,0,0,0,0,0,0,0,5-10,0,1-5,0,5-10,0,0,0,0,0,0,0,0,0,0,0,0,0,5-10,5-10,0,0,,כן,,,0,0,0,0,1-5,1-5,"עץ אחרון בשורה
יש שקיק",0,0,1-5,0,0,0,10+,0,5-10,0,0,0,0,0,0,0,5-10,0
05/06/2023 12:27,1,14,5,,,,,0,0,1-5,0,0,0,0,0,0,0,0,0,0,1-5,0,0,0,0,1-5,0,0,0,0,0,0,0,0,0,0,0,0,0,0,0,0,0,,כן,,,0,0,1-5,0,1-5,0,,1-5,0,0,0,1-5,0,0,0,5-10,1-5,0,0,0,0,0,0,0,0
05/06/2023 12:27,1,14,20,,,,,0,0,0,0,0,0,0,0,0,0,0,0,0,0,0,0,0,0,0,0,0,0,0,0,0,0,5-10,0,0,0,10+,0,0,1-5,1-5,0,,כן,,,0,0,0,0,0,0,,0,0,0,0,0,0,0,0,0,0,0,0,5-10,0,0,10+,1-5,0
05/06/2023 12:27,1,14,36,,,,,0,0,5-10,0,0,0,10+,0,0,0,1-5,0,0,0,0,0,0,0,1-5,0,0,0,0,0,0,0,10+,0,0,0,5-10,0,0,0,5-10,0,,כן,,,0,0,5-10,0,10+,,,10+,0,10+,0,0,0,0,0,10+,0,0,0,10+,0,0,10+,10+,0
05/06/2023 12:27,1,14,50,,,,,0,0,0,0,0,0,1-5,0,0,0,5-10,0,0,0,0,0,0,0,0,0,0,0,1-5,0,0,0,1-5,0,0,0,0,0,0,0,5-10,0,,כן,,,0,0,1-5,0,0,0,4זחלים של סטטורוס מתים,0,0,1-5,0,5-10,0,0,0,0,0,0,0,0,0,0,0,0,0
05/06/2023 12:27,1,14,66,,,,,0,0,1-5,0,1-5,0,0,0,1-5,0,1-5,0,0,0,0,0,1-5,0,0,0,1-5,0,1-5,0,0,0,0,0,0,0,0,0,0,0,0,0,,,,,1-5,0,5-10,0,10+,0,,5-10,0,5-10,0,1-5,0,0,0,0,0,1-5,0,1-5,0,0,0,0,0
05/06/2023 12:27,1,13,2,,,,,0,0,0,0,0,1-5,0,0,0,0,0,0,0,0,0,0,0,1-5,0,0,0,1-5,0,0,0,0,0,0,0,0,0,0,0,0,0,0,,כן,,,0,0,0,0,0,0,,0,0,0,0,0,0,1-5,0,0,0,0,0,0,0,0,0,0,0
05/06/2023 12:27,1,13,15,,,,,0,0,0,0,1-5,1-5,0,0,0,0,0,0,0,0,0,0,0,0,0,0,0,0,0,0,0,0,0,0,0,0,0,0,0,0,0,0,,כן,,,1-5,0,1-5,0,0,0,,0,0,0,0,5-10,0,0,0,5-10,0,0,0,0,0,0,0,0,0
05/06/2023 12:27,1,13,35,,,,,1-5,1-5,0,0,0,0,0,0,0,0,0,0,0,0,0,0,0,0,0,0,0,0,0,0,0,0,0,0,0,0,0,0,0,0,0,0,,כן,,,0,1-5,0,0,0,0,,5-10,0,0,0,0,0,0,0,0,0,0,0,0,0,0,0,0,0
05/06/2023 12:27,1,14,50,,,,,0,0,0,0,0,1-5,10+,0,0,0,10+,0,0,0,5-10,0,0,0,10+,0,0,1-5,10+,0,0,0,1-5,0,0,0,0,0,0,0,0,0,,כן,,,0,0,10+,0,10+,0,,0,0,10+,0,10+,0,5-10,0,10+,0,5-10,0,1-5,0,0,0,0,0
05/06/2023 12:27,1,14,65,,,,,0,1-5,0,0,0,0,0,0,1-5,0,0,0,0,0,5-10,0,0,0,0,0,1-5,0,0,0,0,0,0,0,0,0,0,0,0,0,0,0,,כן,,,1-5,0,0,0,0,0,,1-5,0,0,0,0,0,5-10,0,0,0,0,0,0,0,0,0,0,0
05/06/2023 12:27,1,11,2,,,,,0,0,0,0,0,0,0,0,0,0,0,0,0,0,0,0,0,0,0,0,0,0,0,0,0,0,0,0,0,0,10+,0,0,0,10+,0,,,,,0,0,0,0,0,0,יש שקיק,0,0,0,0,0,0,0,0,10+,0,0,0,0,0,0,0,10+,0
05/06/2023 12:27,1,11,15,,,,,0,0,10+,0,0,0,1-5,0,0,0,1-5,0,5-10,0,1-5,0,0,0,0,0,1-5,1-5,5-10,0,1-5,0,10+,0,1-5,1-5,1-5,0,0,0,0,0,,,,,0,0,5-10,0,10+,0,,10+,0,5-10,0,5-10,0,5-10,0,0,0,10+,0,10+,0,0,10+,0,0
05/06/2023 12:27,1,11,31,,,,,0,0,1-5,0,0,0,0,0,0,0,1-5,0,0,0,1-5,0,0,0,0,0,0,0,0,0,0,0,0,0,0,0,0,0,0,0,0,0,,כן,,,1-5,0,1-5,0,0,0,"יש שקיק
שקיק אחד ךפני נפל על הרצפה",5-10,0,0,0,5-10,0,1-5,0,0,0,0,0,0,0,0,0,0,0
05/06/2023 12:27,1,11,45,,,,,0,0,5-10,0,0,0,10+,0,0,0,0,0,0,0,0,0,0,0,5-10,0,0,0,5-10,0,0,0,1-5,0,0,0,1-5,0,0,0,5-10,0,,,,,0,0,10+,0,10+,0,,5-10,0,10+,0,5-10,0,0,0,10+,0,10+,0,5-10,0,0,5-10,1-5,0
05/06/2023 12:27,1,11,67,,,,,0,0,1-5,0,0,0,0,0,0,0,0,0,0,0,1-5,0,0,0,0,0,0,0,5-10,0,0,0,5-10,0,0,0,5-10,0,0,0,5-10,0,,,,,0,1-5,1-5,0,5-10,0,עץ לפני אחרון. באחרום יש שקיק,1-5,0,0,0,0,0,0,0,0,0,0,0,0,0,0,5-10,5-10,0
05/06/2023 12:27,1,9,5,,,,,0,0,0,0,0,0,0,0,0,0,0,0,0,0,0,0,0,0,1-5,1-5,0,0,0,0,0,0,0,0,0,0,5-10,0,0,0,1-5,0,,,,,1-5,0,0,0,0,0,יש שקיק,0,0,0,0,0,0,0,0,0,0,0,0,0,0,0,0,0,0
05/06/2023 12:28,1,9,21,,,,,0,0,1-5,0,0,0,0,0,1-5,0,0,0,0,0,0,0,1-5,0,0,0,1-5,1-5,0,0,0,0,0,0,5-10,0,0,0,0,0,0,0,,כן,,,1-5,1-5,0,0,0,0,עץ אחד אחרי עץ עם שקיק-,1-5,0,0,0,0,0,5-10,0,0,0,0,0,0,0,0,0,0,0
05/06/2023 12:28,1,9,35,,,,,0,0,0,0,0,0,10+,0,,,,,0,0,1-5,0,0,0,0,0,0,0,0,0,0,0,0,0,0,0,0,0,0,0,0,0,,כן,,,0,0,0,0,1-5,0,עץ אחרי עץ עם שקיק,0,0,10+,0,,,0,0,0,0,0,0,0,0,0,0,0,0
05/06/2023 12:28,1,9,50,,,,,0,0,10+,0,0,0,0,0,0,0,0,0,0,0,0,0,0,0,0,0,0,0,0,0,0,0,0,0,0,0,0,0,0,0,0,0,,כן,,,0,0,0,0,0,0,,10+,0,0,0,0,0,0,0,0,0,0,0,0,0,0,0,0,0
05/06/2023 12:28,1,9,64,,,,,0,0,0,0,0,0,0,0,0,0,0,0,1-5,0,5-10,0,10+,0,0,0,0,0,0,0,1-5,0,1-5,0,0,0,0,0,0,0,0,0,,כן,,,1-5,0,0,0,0,0,עץ אלרון בשורה. עם שקיק,0,0,0,,5-10,0,0,0,5-10,0,0,0,0,0,0,0,0,0
05/06/2023 12:28,1,7,2,,,,,0,0,0,0,1-5,0,0,0,0,0,0,0,0,0,0,0,1-5,0,0,0,0,0,1-5,0,0,0,0,0,0,0,0,0,0,0,0,0,,כן,,,1-5,0,0,0,0,0,,0,0,0,0,0,0,0,0,0,0,0,0,0,0,0,0,0,0
05/06/2023 12:28,1,7,10,,,,,1-5,0,1-5,0,0,0,0,0,0,0,0,0,0,0,0,0,0,0,0,0,5-10,0,0,0,5-10,0,0,0,5-10,0,0,0,5-10,0,0,0,,כן,,,1-5,1-5,0,0,0,0,הרבה בוגרות אירופיות צתות. נטרפו?,0,0,0,0,0,0,0,0,0,0,0,0,0,0,0,0,0,0
05/06/2023 12:28,1,7,19,,,,,10+,1-5,0,0,10+,0,0,0,10+,1-5,0,0,5-10,0,0,0,10+,0,0,0,10+,0,0,0,10+,0,0,0,10+,1-5,0,0,10+,0,0,0,,כן,,,10+,1-5,0,0,1-5,0,"עץ עם שקיק
הרבה אירו0יות שנמצצו",1-5,0,0,0,0,0,0,0,0,0,0,0,0,0,0,0,0,0
05/06/2023 12:28,1,7,30,,,,,5-10,0,0,0,5-10,0,0,0,1-5,1-5,0,0,0,0,0,0,1-5,1-5,0,0,10+,0,0,0,10+,1-5,0,0,1-5,1-5,1-5,0,5-10,0,0,0,,כן,,,5-10,0,0,0,0,0,איצרייה,0,0,0,0,0,0,0,0,0,0,0,0,0,0,0,0,0,0
05/06/2023 12:28,1,7,44,,,,,5-10,0,0,0,5-10,1-5,0,0,5-10,0,0,1-5,0,0,0,0,10+,1-5,0,0,10+,0,0,0,10+,0,0,0,5-10,0,0,0,5-10,0,0,0,,כן,,,0,1-5,0,0,0,0,"תפסתי טור0ת אדומה עפ הצוצר לאלכוהול
עץ עם שקיק",0,0,0,0,0,0,0,0,0,0,0,0,0,0,0,1-5,1-5,0
05/06/2023 12:28,1,5,5,,,,,0,1-5,1-5,0,0,0,0,0,1-5,0,0,0,0,0,0,0,1-5,0,0,0,0,0,0,0,1-5,0,0,0,0,0,0,0,0,0,0,0,,,,,0,0,1-5,0,1-5,0,מושבות מתוץ עם ביצים וקורחם,0,0,0,0,0,0,0,0,0,0,0,0,0,0,0,0,0,0
05/06/2023 12:28,1,5,20,,,,,1-5,0,1-5,0,0,0,0,0,0,0,1-5,0,0,0,0,0,1-5,0,0,0,0,0,0,0,1-5,0,0,0,0,0,1-5,0,0,0,0,0,,כן,,,1-5,0,1-5,0,0,0,,0,0,0,0,0,0,0,0,0,0,0,0,0,0,0,0,1-5,0
05/06/2023 12:28,1,5,35,,,,,0,0,0,0,0,0,0,0,0,0,0,0,0,0,0,0,0,0,0,0,0,0,0,0,0,0,0,0,0,0,0,0,0,0,0,0,,כן,,,0,0,1-5,0,0,0,,0,0,0,0,0,0,0,0,0,0,0,0,0,0,0,0,0,0
05/06/2023 12:28,1,5,50,,,,,0,0,1-5,0,0,0,0,0,0,0,1-5,0,0,0,1-5,0,1-5,0,0,0,0,0,1-5,0,0,0,0,0,1-5,0,0,0,1-5,0,0,0,,,,,1-5,0,0,0,0,0,,0,0,0,0,0,0,5-10,0,0,0,0,0,0,0,0,0,0,0
05/06/2023 12:28,1,5,65,,,,,0,1-5,1-5,0,0,0,0,0,1-5,0,0,0,0,0,0,0,1-5,0,0,0,1-5,0,0,0,1-5,0,0,0,1-5,0,0,0,1-5,0,0,0,,כן,,,1-5,0,0,0,0,0,,0,0,0,0,0,0,0,0,0,0,1-5,0,0,0,0,0,0,0
05/06/2023 12:28,1,4,8,,,,,0,1-5,0,0,0,0,0,0,0,0,0,1-5,0,1-5,0,0,1-5,0,0,0,1-5,0,0,0,5-10,0,0,0,1-5,0,0,0,0,0,0,0,,כן,,,0,1-5,0,0,1-5,0,Predatory אדומה,0,0,1-5,0,1-5,0,1-5,0,0,0,0,0,0,0,0,0,0,0
05/06/2023 12:28,1,4,20,,,,,0,0,1-5,0,0,0,0,0,0,0,1-5,0,0,0,0,0,1-5,0,0,0,1-5,0,0,0,0,0,0,0,0,0,0,0,1-5,0,0,0,,,,,0,0,0,0,0,0,עם שקיק,0,0,0,0,0,0,0,0,0,0,0,0,0,0,0,0,0,0
05/06/2023 12:28,1,4,36,,,,,0,0,0,0,1-5,0,0,0,1-5,0,0,0,0,0,0,0,1-5,0,0,0,1-5,0,0,0,0,0,0,0,1-5,0,1-5,0,1-5,0,1-5,0,,,,,1-5,0,0,0,0,0,עץ אחרי עץ עם שקיק,0,0,10+,0,0,0,5-10,0,0,0,0,0,0,0,0,1-5,0,0
05/06/2023 12:28,1,4,50,,,,,0,0,0,0,0,0,0,0,0,1-5,0,0,1-5,0,0,0,1-5,0,1-5,0,1-5,0,0,0,1-5,0,0,0,1-5,0,0,0,1-5,0,0,0,,,,,1-5,0,0,0,0,0,עם שקיק,0,0,0,0,0,0,1-5,0,5-10,0,0,0,1-5,0,0,0,0,0
05/06/2023 12:28,1,4,66,,,,,0,0,0,0,1-5,0,1-5,0,0,0,0,0,1-5,0,0,0,0,0,0,0,1-5,0,0,0,5-10,0,0,0,1-5,0,0,0,1-5,0,0,0,,,,,0,1-5,0,0,0,0,עץ אחרי עץ עם שקיק,0,0,0,0,0,0,0,0,0,0,0,0,0,0,0,0,0,0
05/06/2023 12:28,1,3,4,,,,,0,0,0,0,0,0,0,0,1-5,1-5,0,0,0,1-5,0,0,0,0,0,0,0,0,0,0,0,0,0,0,0,0,0,0,0,0,0,0,,כן,,,0,0,0,0,0,0,,0,0,0,0,0,0,0,0,0,0,0,0,0,0,0,0,0,0
05/06/2023 12:28,1,3,20,,,,,0,0,0,0,0,0,0,0,0,0,0,0,0,0,0,0,0,0,0,0,0,0,0,0,0,0,0,0,0,0,0,0,0,0,0,0,,,,,0,1-5,0,0,0,0,,0,0,0,0,0,0,0,0,0,0,0,0,0,0,0,0,0,0
05/06/2023 12:28,1,3,35,,,,,0,0,0,0,1-5,0,0,0,1-5,0,0,0,0,0,0,0,1-5,0,0,0,1-5,0,0,0,0,0,0,0,0,0,0,0,1-5,0,0,0,,כן,,,0,0,0,0,0,0,,0,0,0,0,0,0,0,0,0,0,0,0,0,0,0,0,0,0
05/06/2023 12:28,1,3,50,,,,,1-5,1-5,0,0,0,0,0,0,0,0,0,0,1-5,0,0,0,1-5,0,1-5,0,1-5,0,0,0,0,0,0,0,0,0,0,0,0,0,0,0,,,,,1-5,0,0,0,0,0,,0,0,0,0,0,0,0,0,5-10,0,0,0,0,0,0,0,0,0
05/06/2023 12:28,1,3,65,,,,,0,0,0,0,1-5,0,0,0,0,0,0,0,0,0,0,0,1-5,0,0,0,1-5,0,0,0,0,0,0,0,0,0,0,0,0,0,0,0,,,,,1-5,0,0,0,0,0,,0,0,0,0,0,0,0,0,0,0,0,0,0,0,0,0,0,0
05/06/2023 12:28,1,1,2,,,,,0,0,0,0,0,0,0,0,0,0,0,0,0,0,0,0,0,0,0,0,0,0,0,0,0,0,0,0,0,0,0,0,0,0,0,0,,,,,0,0,0,0,1-5,0,,0,0,0,0,0,0,0,0,0,0,0,0,0,0,0,0,0,0
05/06/2023 12:28,1,1,15,,,,,0,0,0,0,0,0,0,0,0,0,0,0,0,0,0,0,0,0,0,0,0,0,0,0,,,,,,,,,,,,,,,,,0,0,0,0,0,0,,0,0,0,0,0,0,0,0,0,0,0,0,,,,,,
05/06/2023 12:28,1,1,29,,,,,0,1-5,0,0,0,0,0,0,0,0,0,0,0,0,0,0,1-5,1-5,0,0,1-5,0,0,0,0,0,0,0,0,0,0,0,0,0,0,0,,,,,0,0,0,0,0,0,ביצים של ארינמל,0,0,0,0,0,0,0,0,0,0,0,0,0,0,0,0,0,0
05/06/2023 12:28,1,1,46,,,,,0,0,0,0,0,0,0,0,0,0,0,0,0,1-5,0,0,1-5,0,0,0,1-5,0,0,0,0,0,0,0,0,0,0,0,0,0,0,0,,,,,0,0,0,0,1-5,0,,1-5,0,0,0,0,0,0,0,0,0,0,0,0,0,0,0,0,0
05/06/2023 12:28,1,1,61,,,,,0,0,1-5,0,0,0,0,0,0,0,0,0,0,0,0,0,0,0,0,0,0,0,0,0,0,0,0,0,0,0,0,0,0,0,0,0,,כן,,,0,0,0,0,0,0,,5-10,0,0,0,0,0,0,0,0,0,0,0,0,0,0,0,0,0
05/06/2023 13:27,1,2,15,,,,,0,0,1-5,0,0,1-5,0,0,0,0,1-5,1-5,0,0,0,0,0,0,1-5,0,0,0,0,0,0,0,0,0,0,0,0,0,0,0,0,0,,,,,0,0,5-10,5-10,5-10,5-10,,0,0,0,0,1-5,0,0,0,1-5,0,1-5,0,5-10,0,0,0,0,0
05/06/2023 13:27,1,2,31,,,,,0,0,0,0,0,0,0,0,0,0,0,0,0,0,0,0,0,0,0,0,0,0,0,0,0,0,0,0,0,0,0,0,0,0,0,0,,כן,,,0,0,0,0,0,0,,0,0,0,0,0,0,0,0,0,0,0,0,0,0,0,0,0,0
05/06/2023 13:27,1,2,46,,,,,1-5,0,1-5,0,0,0,1-5,0,0,0,0,0,0,0,0,0,0,0,1-5,0,0,0,0,0,0,0,0,0,0,0,0,0,0,0,0,0,,,,,0,0,0,0,0,0,,1-5,0,10+,0,10+,0,0,0,0,0,0,0,0,0,0,0,1-5,0
05/06/2023 13:27,1,2,60,,,,,0,1-5,1-5,0,0,0,0,0,0,0,0,0,0,0,0,0,0,0,0,0,0,0,0,0,0,0,0,0,0,0,0,0,0,0,0,0,,כן,,,0,0,0,0,0,0,,5-10,0,0,0,0,0,0,0,0,0,0,0,0,0,0,0,0,0
05/06/2023 13:29,1,2,2,,,,,0,0,0,0,0,0,0,0,0,0,0,0,0,0,0,0,0,0,0,0,0,0,0,0,0,0,0,0,0,0,0,0,0,0,0,0,,,,,0,0,0,0,1-5,0,,5-10,0,0,0,0,0,0,0,0,0,0,0,0,0,0,0,0,0
18/06/2023 3:56,2,1,2,,,,,0,0,0,0,0,0,0,0,0,0,1-5,0,0,0,0,0,0,0,0,1-5,0,0,0,0,0,0,0,0,0,0,0,0,0,0,0,0,,כן,,,1-5,0,0,0,0,0,,0,0,0,0,0,0,1-5,0,0,0,0,0,0,0,0,0,0,0
18/06/2023 4:06,2,1,17,,,,,0,0,0,0,0,0,0,0,0,0,0,0,0,0,0,0,0,0,0,0,0,0,0,0,0,0,0,0,0,0,0,0,0,0,0,0,,לא,לא,,1-5,0,0,0,0,0,,0,0,0,0,0,0,0,0,0,0,0,0,0,0,0,0,0,0
18/06/2023 4:13,2,1,29,,,,,0,0,0,0,0,0,0,0,0,0,0,0,0,0,0,0,0,0,0,0,0,0,0,0,0,0,0,0,0,0,0,0,0,0,0,0,,לא,לא,,1-5,1-5,0,0,0,0,,0,0,0,0,0,0,0,0,0,0,0,0,0,0,0,0,0,0
18/06/2023 4:19,2,1,46,,,,,0,0,0,0,0,0,0,0,0,0,0,0,0,0,0,0,0,0,0,0,0,0,0,0,0,0,0,0,0,0,0,0,0,0,0,0,,לא,לא,,0,0,0,0,0,0,,0,0,0,0,0,0,0,0,0,0,0,0,0,0,0,0,0,0
18/06/2023 6:57,2,1,61,,,,,0,0,0,0,0,0,0,0,0,0,0,0,0,0,0,0,0,0,0,0,0,0,0,0,0,0,0,0,0,0,0,0,0,0,0,0,,לא,לא,,0,0,0,0,0,0,,0,0,0,0,0,0,0,0,0,0,0,0,0,0,0,0,0,0
18/06/2023 6:57,2,4,66,,,,,0,1-5,0,0,0,1-5,0,0,0,0,0,0,0,0,0,0,0,1-5,1-5,0,1-5,0,0,0,1-5,0,0,0,1-5,0,0,0,0,0,0,0,,כן,לא,,1-5,1-5,0,0,0,0,,0,0,0,0,0,0,0,0,0,0,0,0,0,0,0,0,0,0
18/06/2023 6:57,2,4,50,,,,,0,1-5,0,0,1-5,0,0,5-10,1-5,0,0,0,1-5,0,0,0,1-5,0,0,0,5-10,0,0,0,1-5,0,1-5,1-5,1-5,0,0,0,1-5,0,0,0,,לא,לא,,5-10,0,0,0,0,0,צהובות מצוצות בעלים חיצוניים,0,0,0,0,0,0,0,0,0,0,0,0,1-5,0,0,0,0,0
18/06/2023 6:57,2,4,36,,,,,1-5,0,0,0,1-5,0,0,0,0,0,0,0,0,0,0,0,1-5,0,0,0,1-5,0,0,0,0,0,0,0,0,0,0,0,0,0,0,0,,כן,לא,,1-5,1-5,0,0,0,0,,0,0,0,0,0,0,0,0,0,0,0,0,0,0,0,0,0,0
18/06/2023 6:57,2,4,20,,,,,1-5,0,0,0,0,0,0,0,0,0,0,0,0,0,0,0,1-5,1-5,0,0,1-5,0,0,0,1-5,0,0,0,1-5,0,0,0,1-5,0,0,0,,לא,לא,,1-5,0,0,1-5,0,0,,0,0,1-5,0,0,0,0,0,0,0,0,0,0,0,0,0,0,0
18/06/2023 6:57,2,4,8,,,,,1-5,0,0,0,0,1-5,0,0,0,1-5,0,0,1-5,0,0,0,1-5,0,0,0,0,1-5,0,0,1-5,0,0,0,1-5,0,0,0,1-5,0,0,0,,לא,לא,,1-5,1-5,0,0,1-5,0,,0,0,1-5,0,1-5,0,0,0,1-5,0,0,0,1-5,0,0,0,0,0
18/06/2023 6:57,2,5,5,,,,,0,1-5,0,0,1-5,0,0,0,0,0,0,0,0,0,0,0,1-5,0,0,0,0,1-5,0,0,0,1-5,0,0,0,0,0,0,0,0,0,0,,כן,לא,,0,1-5,0,0,0,0,,0,,0,0,0,0,0,0,0,0,1-5,0,0,0,0,0,0,0
18/06/2023 6:57,2,5,20,,,,,5-10,0,0,0,1-5,0,0,0,0,0,0,0,0,0,0,0,1-5,0,0,0,0,1-5,1-5,0,1-5,0,1-5,0,0,0,0,0,0,0,1-5,0,,לא,לא,,1-5,0,0,0,1-5,0,"צהובות מצוצות בעלה חיצוני,
אולי יהיה דף נוסף עם נתונים של השורה הזאת ותצטרכי לאחד",1-5,0,0,0,0,0,0,0,0,0,,0,0,0,1-5,0,0,0
18/06/2023 6:57,2,5,35,,,,,0,0,10+,,0,0,10+,0,1-5,0,0,0,0,0,0,0,0,0,1-5,0,1-5,0,5-10,0,1-5,0,1-5,0,0,0,0,0,0,0,0,0,כן,לא,לא,,0,0,1-5,0,0,0,,10+,0,10+,,0,0,0,0,0,0,0,0,0,0,0,0,0,0
18/06/2023 6:57,2,5,50,,,,,0,0,1-5,0,0,0,1-5,0,0,0,0,0,0,0,0,0,1-5,0,1-5,0,1-5,0,0,0,0,0,1-5,0,1-5,0,1-5,0,1-5,0,0,0,כן,לא,לא,,1-5,1-5,0,0,1-5,0,Tetranychus מצוצה בעלה חיצוני,0,0,1-5,0,0,0,0,0,1-5,0,1-5,0,0,0,,0,0,0
18/06/2023 6:57,2,5,65,,,,,0,0,1-5,0,0,0,0,0,0,0,1-5,0,0,0,1-5,0,10+,0,1-5,0,1-5,0,0,0,1-5,0,0,0,1-5,0,0,0,1-5,0,0,0,כן,לא,לא,,0,0,5-10,0,0,0,אירופאית מצוצה בעלה פנימי,0,0,1-5,0,1-5,0,0,0,0,0,0,0,0,0,0,0,1-5,0
18/06/2023 6:57,2,7,,,,,,1-5,0,0,0,5-10,0,0,1-5,1-5,0,0,0,1-5,0,0,0,1-5,0,0,0,10+,0,0,0,5-10,0,0,0,1-5,1-5,1-5,0,5-10,0,0,0,,לא,לא,,1-5,0,0,0,0,0,"מללללא מצוצות בעלים חיצוניים, צהובות ואירופאיות",1-5,0,1-5,0,0,0,0,0,0,0,10+,0,5-10,0,0,0,10+,0
18/06/2023 6:57,2,7,30,,,,,0,1-5,1-5,0,0,1-5,1-5,0,1-5,0,0,0,0,0,0,0,10+,0,0,0,10+,0,0,0,5-10,0,0,0,5-10,0,0,0,1-5,0,0,0,כן,כן,לא,,1-5,0,0,0,1-5,0,זחל סטטורוס בעלה חיצוני,0,0,0,0,0,0,0,0,10+,0,5-10,0,5-10,0,0,5-10,0,0
18/06/2023 6:57,2,7,10,,,,,1-5,0,0,0,0,0,1-5,0,0,0,0,0,0,0,0,0,1-5,1-5,0,0,10+,0,0,0,1-5,0,0,0,1-5,0,0,0,1-5,0,0,0,כן,לא,לא,,5-10,1-5,0,0,1-5,0,,0,0,0,0,0,0,0,0,0,0,1-5,0,0,0,0,1-5,0,0
18/06/2023 6:57,2,10,3,,,,,0,1-5,0,0,0,1-5,0,0,0,1-5,0,0,0,0,0,0,0,0,0,0,0,0,0,0,0,0,0,0,0,1-5,0,0,0,0,1-5,0,כן,לא,כן,,0,1-5,0,0,0,0,זזתי מעץ 2 ל3 עקב התקרחות,0,0,0,0,0,0,0,0,0,0,0,0,0,0,0,0,0,0
18/06/2023 9:59,2,10,15,,,,,0,0,1-5,0,0,0,1-5,0,0,0,1-5,0,0,0,0,0,0,0,1-5,0,0,0,1-5,0,0,0,0,0,0,0,0,0,0,0,0,0,לא,כן,לא,,0,1-5,1-5,0,0,0,,0,0,0,0,0,0,0,0,0,0,0,0,0,0,0,0,0,0
18/06/2023 9:59,2,10,30,,,,,0,0,0,0,0,0,0,0,0,0,0,0,0,0,0,0,1-5,0,0,0,0,0,0,0,0,0,0,0,0,0,0,0,0,0,0,0,,לא,לא,,0,0,1-5,0,0,0,,1-5,0,0,0,0,0,0,0,10+,0,10+,0,0,0,0,0,0,0
18/06/2023 9:59,2,10,45,,,,,0,0,1-5,1-5,0,0,1-5,0,0,0,1-5,0,0,0,1-5,0,0,0,10+,0,0,0,10+,0,0,0,1-5,0,0,0,1-5,1-5,0,0,0,0,כן,לא,לא,,0,0,1-5,1-5,0,0,,0,0,0,0,0,0,0,0,10+,0,10+,0,0,0,0,0,0,0
18/06/2023 9:59,2,10,60,,,,,0,0,0,1-5,0,0,0,1-5,0,0,0,1-5,0,0,0,0,0,0,0,0,0,0,0,0,0,0,0,0,0,0,1-5,0,1-5,0,0,0,,לא,לא,,1-5,1-5,1-5,0,0,0,,0,0,0,0,0,0,0,0,0,0,0,0,0,0,0,1-5,0,0
18/06/2023 9:59,2,11,67,,,,,0,0,10+,0,1-5,0,1-5,0,0,1-5,0,0,0,0,5-10,,5-10,0,5-10,0,10+,1-5,1-5,0,1-5,0,5-10,0,1-5,0,1-5,0,1-5,0,1-5,0,לא,לא,לא,,1-5,0,1-5,0,0,0,,10+,0,0,0,0,0,0,0,5-10,0,5-10,0,5-10,0,0,0,1-5,0
18/06/2023 9:59,2,11,45,,,,,0,0,1-5,1-5,0,1-5,1-5,0,0,0,10+,0,0,0,1-5,0,1-5,0,0,0,0,1-5,0,0,1-5,0,5-10,0,0,0,1-5,0,0,0,0,0,,כן,לא,,1-5,0,0,0,0,0,,0,0,0,,10+,0,0,0,0,0,0,0,0,0,0,0,0,0
18/06/2023 9:59,2,11,315,,,,,0,1-5,1-5,1-5,0,0,10+,0,0,,5-10,0,0,0,0,0,0,1-5,0,0,0,0,0,0,0,0,0,0,0,0,5-10,,0,0,0,0,כן,לא,לא,,0,0,10+,0,10+,0,,0,0,10+,0,0,0,0,0,10+,0,10+,0,10+,0,0,10+,0,0
18/06/2023 9:59,2,11,15,,,,,0,0,10+,0,1-5,0,5-10,0,0,0,1-5,0,0,0,0,0,1-5,1-5,,0,1-5,1-5,0,0,1-5,1-5,0,0,0,0,5-10,0,0,0,1-5,0,,לא,כן,,0,0,10+,0,10+,0,,10+,0,0,0,0,0,0,0,1-5,0,1-5,0,1-5,0,0,0,0,0
18/06/2023 9:59,2,11,2,,,,,0,0,5-10,0,1-5,0,1-5,0,0,0,1-5,0,1-5,0,0,0,0,0,1-5,0,0,0,0,0,0,0,0,0,0,0,0,0,0,0,0,0,כן,,לא,,0,0,5-10,0,5-10,0,,5-10,0,5-10,0,0,,0,0,0,0,0,0,1-5,0,0,0,0,0
18/06/2023 9:59,2,13,2,,,,,0,1-5,0,0,0,1-5,0,0,0,0,0,0,0,0,0,0,0,0,0,0,0,0,0,0,0,0,0,0,0,0,0,0,0,0,0,0,לא,לא,לא,,1-5,0,1-5,0,0,0,,0,0,0,0,0,0,0,0,0,0,0,0,0,0,0,0,0,0
18/06/2023 9:59,2,13,15,,,,,0,1-5,10+,0,0,1-5,1-5,0,0,1-5,0,0,,1-5,1-5,0,1-5,0,0,0,0,0,1-5,0,1-5,0,1-5,0,0,0,1-5,0,0,0,0,0,לא,כן,לא,,0,1-5,0,0,1-5,0,זחלים של סטטוטורוס בעלים הפנימיים,10+,0,0,0,0,0,0,0,0,0,0,0,1-5,0,0,1-5,1-5,0
18/06/2023 9:59,2,13,11,,,,,1-5,0,0,0,,,,,0,0,0,0,0,0,1-5,0,1-5,0,0,0,0,0,1-5,0,0,0,0,0,0,0,0,0,0,0,0,0,,לא,לא,,1-5,0,1-5,0,1-5,0,,0,0,,,0,0,1-5,0,0,0,0,0,0,0,0,0,0,0
18/06/2023 9:59,2,13,50,,,,,1-5,0,0,0,,0,0,0,0,0,0,0,0,0,0,0,1-5,0,0,0,1-5,0,0,0,0,0,0,0,1-5,0,0,0,0,0,0,0,,כן,לא,,0,0,1-5,0,0,0,,0,0,5-10,0,5-10,0,0,0,0,0,0,0,0,0,0,0,0,0
18/06/2023 9:59,2,13,65,,,,,1-5,0,0,0,1-5,0,0,0,0,0,1-5,0,0,0,1-5,0,1-5,0,1-5,0,0,0,1-5,0,0,0,0,0,0,0,0,0,0,0,0,0,,כן,לא,,0,0,1-5,0,10+,0,,0,0,1-5,0,0,0,5-10,0,,0,0,0,0,0,0,0,0,0
18/06/2023 9:59,2,16,60,,,,,0,1-5,0,0,0,0,0,0,0,0,1-5,0,0,0,0,0,1-5,0,1-5,0,1-5,0,0,0,1-5,,0,0,0,1-5,0,0,1-5,0,0,0,,כן,לא,,1-5,0,1-5,0,0,0,,0,0,1-5,0,0,0,0,0,0,0,5-10,0,0,0,0,0,1-5,0
18/06/2023 9:59,2,16,45,,,,,1-5,0,0,0,0,0,0,1-5,0,0,0,0,0,0,0,0,0,0,0,0,0,0,0,0,0,0,0,0,1-5,0,0,0,1-5,0,0,0,,לא,לא,,0,0,10+,0,10+,0,"בעלים הפנימיים הרבה קורים אבל בלי אקריות, כמו מושבות של צהובות שננטשו",0,0,0,0,0,0,0,0,0,0,1-5,,0,1-5,0,0,0,0
18/06/2023 9:59,2,16,31,,,,,1-5,0,0,0,1-5,1-5,0,0,0,0,5-10,0,0,0,1-5,0,1-5,0,0,0,5-10,0,0,0,5-10,0,0,0,1-5,0,0,0,5-10,1-5,0,0,,לא,לא,,1-5,1-5,0,0,0,0,,0,0,0,0,5-10,0,0,0,0,0,5-10,0,5-10,0,0,0,0,0
18/06/2023 9:59,2,16,15,,,,,1-5,0,1-5,0,1-5,0,0,0,5-10,0,0,0,1-5,0,0,0,5-10,0,0,0,1-5,0,0,0,1-5,0,1-5,0,1-5,0,0,0,1-5,0,1-5,0,,לא,לא,,1-5,0,1-5,0,0,0,זחל של סטטוטורוס,0,0,0,0,0,0,1-5,0,10+,0,10+,0,0,0,0,0,0,0
18/06/2023 11:39,2,16,15,,,,,1-5,0,1-5,0,1-5,0,0,0,5-10,0,0,0,1-5,0,0,0,5-10,0,0,0,1-5,0,0,0,1-5,0,1-5,0,1-5,0,0,0,1-5,0,1-5,0,,לא,לא,,1-5,0,1-5,0,0,0,זחל של סטטוטורוס,0,0,0,0,0,0,1-5,0,10+,0,10+,0,0,0,0,0,0,0
18/06/2023 11:39,2,16,1,,,,,0,0,0,0,0,0,0,0,0,0,0,0,0,0,0,0,1-5,0,0,0,0,0,0,0,1-5,1-5,0,0,0,1-5,0,0,0,0,0,0,,לא,לא,,1-5,0,0,0,0,0,,0,0,0,0,0,0,0,0,1-5,0,10+,0,0,0,0,0,0,0
18/06/2023 11:39,2,17,5,,,,,1-5,1-5,0,1-5,1-5,0,1-5,0,1-5,0,1-5,0,5-10,0,,0,10+,0,0,0,5-10,1-5,0,0,5-10,0,1-5,0,10+,0,0,0,5-10,1-5,0,0,,לא,לא,,1-5,0,1-5,0,0,0,זחל של סטטורוס,1-5,0,5-10,0,0,0,5-10,0,0,0,10+,0,10+,0,0,5-10,1-5,0
18/06/2023 11:39,2,17,20,,,,,1-5,0,0,1-5,1-5,0,0,1-5,0,0,1-5,1-5,0,0,0,1-5,5-10,0,0,1-5,5-10,1-5,0,0,1-5,0,0,0,1-5,0,0,0,5-10,0,0,0,,כן,כן,,0,0,1-5,0,0,0,,0,0,0,0,0,0,0,0,5-10,0,0,0,1-5,1-5,0,0,0,0
18/06/2023 11:39,2,17,35,,,,,0,0,0,1-5,1-5,0,5-10,0,0,0,0,1-5,0,0,1-5,5-10,1-5,0,0,0,5-10,0,1-5,0,1-5,0,0,0,,,,,1-5,0,0,0,,לא,לא,,0,0,5-10,0,0,0,,0,0,0,0,0,0,0,0,0,0,1-5,0,0,0,,,1-5,0
18/06/2023 11:39,2,17,50,,,,,0,0,0,0,0,0,0,0,1-5,0,0,0,1-5,0,0,0,5-10,0,0,0,1-5,0,0,0,1-5,0,0,0,1-5,0,0,0,1-5,0,0,0,,לא,לא,,1-5,0,0,0,0,0,,0,0,1-5,0,0,0,0,0,5-10,0,0,0,0,0,0,0,0,0
18/06/2023 11:51,2,17,50,,,,,0,0,0,0,0,0,0,0,1-5,0,0,0,1-5,0,0,0,5-10,0,0,0,1-5,0,0,0,1-5,0,0,0,1-5,0,0,0,1-5,0,0,0,,לא,לא,,1-5,0,0,0,0,0,,0,0,1-5,0,0,0,0,0,5-10,0,0,0,0,0,0,0,0,0
18/06/2023 11:51,2,19,,,,,,0,0,0,0,0,1-5,0,0,0,0,0,0,1-5,1-5,0,0,1-5,0,1-5,0,0,1-5,0,0,0,0,0,0,0,0,0,0,0,0,0,0,,לא,לא,,0,0,0,0,0,0,,0,0,0,0,0,0,0,0,0,0,0,0,0,0,0,0,0,0
18/06/2023 11:51,2,19,200,,,,,0,0,0,0,0,0,0,0,0,0,0,0,0,0,0,0,0,0,0,0,0,0,0,0,0,0,0,0,0,0,0,0,0,0,0,0,,לא,לא,,0,1-5,0,0,0,0,זחל סטטורוס,0,0,0,0,0,0,0,0,0,1-5,0,0,0,0,0,0,0,0
18/06/2023 11:51,2,19,35,,,,,0,0,0,0,0,0,0,0,0,0,0,0,0,0,0,0,1-5,0,1-5,0,1-5,1-5,0,0,5-10,0,0,0,0,0,0,0,0,0,0,0,,לא,לא,,0,0,0,0,0,0,"גולם של סטטורוס, בטח אכל את כולם והתגלם",0,0,0,0,0,0,0,0,5-10,0,0,0,1-5,0,0,1-5,0,0
18/06/2023 11:51,2,19,4,,,,,0,0,1-5,0,0,0,0,0,0,0,0,0,0,0,0,0,0,0,5-10,0,0,0,0,0,0,0,1-5,0,0,0,0,0,0,0,0,0,,לא,לא,,0,0,1-5,0,0,0,,0,0,0,0,0,0,0,0,5-10,0,0,0,0,0,0,0,0,0
18/06/2023 11:51,2,19,60,,,,,1-5,0,0,0,0,1-5,0,0,0,0,0,0,0,0,0,0,0,0,0,0,0,0,0,0,0,0,0,0,0,0,0,0,0,0,0,0,,לא,לא,,1-5,0,1-5,0,0,0,,1-5,0,0,0,0,0,0,0,0,0,0,0,0,0,0,0,0,0
18/06/2023 11:51,2,20,681,,,,,0,1-5,0,0,0,0,1-5,0,0,1-5,0,0,0,0,0,0,0,0,0,0,0,0,0,0,0,0,0,0,1-5,0,0,0,0,0,0,0,,כן,לא,,0,1-5,0,0,0,0,,0,0,0,0,0,0,0,0,0,0,0,0,0,0,0,0,0,0
18/06/2023 11:51,2,20,60,,,,,0,0,1-5,0,0,0,1-5,0,1-5,0,1-5,0,0,0,0,0,0,0,0,0,0,0,0,0,1-5,0,0,0,0,0,0,0,0,0,0,0,,לא,לא,,0,0,0,0,0,0,,0,0,0,0,0,0,0,0,0,0,0,0,0,0,0,0,0,0
18/06/2023 11:51,2,20,50,,,,,0,0,0,0,0,0,0,0,0,0,0,0,0,0,0,0,0,0,0,0,1-5,0,0,0,0,0,0,0,1-5,0,0,0,0,0,0,0,,לא,לא,,0,0,0,0,0,0,,0,0,0,0,0,0,0,0,0,0,1-5,0,5-10,0,0,5-10,0,0
18/06/2023 11:52,2,20,30,,,,,0,0,0,0,0,0,0,0,0,0,0,0,0,0,0,0,1-5,0,0,0,1-5,0,0,0,0,0,0,0,0,0,0,0,0,0,0,0,,לא,לא,,0,0,0,1-5,0,0,זחל של סטטוטורוס,0,0,0,0,0,0,0,0,0,0,0,0,0,0,0,0,0,0
18/06/2023 11:56,2,20,20,,,,,0,1-5,0,0,0,0,0,0,0,0,0,0,0,0,0,0,1-5,0,0,0,0,0,0,0,0,0,0,0,0,0,0,0,0,0,0,0,,לא,לא,,1-5,0,0,0,0,0,,0,0,0,0,0,0,0,0,0,0,0,0,0,0,0,0,0,0
18/06/2023 12:44,2,2,2,,,,,0,0,1-5,1-5,1-5,0,0,0,0,0,0,0,1-5,1-5,0,0,0,0,0,0,1-5,0,0,0,0,0,5-10,0,0,0,0,0,0,0,5-10,0,,,,,1-5,1-5,1-5,0,1-5,0,סטטוורס זחל מת,0,0,0,0,0,0,0,0,0,0,0,0,1-5,0,0,0,1-5,0
18/06/2023 12:45,2,2,15,,,,,0,0,1-5,0,0,1-5,0,0,1-5,1-5,1-5,,0,0,5-10,0,1-5,0,0,0,1-5,1-5,1-5,0,0,0,1-5,0,1-5,0,1-5,0,0,0,5-10,1-5,,,,,1-5,0,0,0,0,0,סטטוטרס חי,5-10,0,5-10,0,5-10,0,5-10,0,1-5,0,1-5,0,1-5,0,0,1-5,1-5,0
18/06/2023 12:45,2,2,31,,,,,0,0,10+,1-5,0,0,10+,1-5,0,0,10+,1-5,0,0,0,0,1-5,0,1-5,1-5,1-5,0,10+,1-5,0,0,0,0,0,0,10+,0,0,0,0,0,,,,,1-5,0,1-5,0,1-5,0,,10+,0,10+,0,10+,0,0,0,5-10,0,5-10,0,0,0,0,10+,0,0
18/06/2023 12:45,2,2,46,,,,,0,0,0,0,1-5,1-5,5-10,0,0,1-5,5-10,0,1-5,1-5,5-10,0,0,0,0,0,1-5,0,5-10,0,1-5,0,5-10,0,1-5,0,10+,0,1-5,0,10+,1-5,,,,,1-5,1-5,10+,0,5-10,0,,0,0,5-10,0,5-10,0,5-10,0,0,0,5-10,0,5-10,0,0,10+,10+,0
18/06/2023 12:45,2,2,61,,,,,1-5,0,5-10,1-5,0,0,10+,0,0,0,10+,0,1-5,0,10+,0,0,0,0,0,0,0,0,0,1-5,0,0,0,0,0,10+,0,0,0,0,0,,,,,1-5,0,0,0,10+,0,,1-5,1-5,10+,0,10+,0,10+,0,0,0,0,0,1-5,0,0,1-5,0,0
18/06/2023 12:45,2,3,65,,,,,0,0,0,0,1-5,1-5,5-10,0,0,0,0,0,5-10,1-5,0,0,1-5,0,0,0,5-10,0,5-10,0,1-5,0,10+,0,0,0,0,0,0,0,0,0,,,,,1-5,1-5,5-10,0,5-10,0,,0,0,5-10,0,0,0,5-10,0,1-5,0,5-10,0,5-10,0,0,0,0,0
18/06/2023 12:45,2,3,50,,,,,5-10,5-10,1-5,1-5,1-5,1-5,5-10,0,10+,10+,10+,0,10+,10+,10+,0,10+,0,1-5,0,10+,0,1-5,5-10,5-10,1-5,10+,0,5-10,0,10+,0,10+,0,10+,1-5,,,,,5-10,5-10,5-10,0,10+,0,,10+,1-5,10+,0,10+,0,10+,1-5,10+,0,10+,0,10+,0,0,10+,10+,1-5
18/06/2023 12:45,2,3,35,,,,,10+,5-10,10+,0,5-10,0,5-10,1-5,1-5,1-5,1-5,0,1-5,1-5,1-5,0,10+,0,0,0,10+,0,0,0,5-10,0,0,0,10+,1-5,0,0,10+,0,1-5,0,,,,,10+,10+,0,0,10+,0,,10+,0,10+,1-5,10+,0,5-10,0,10+,0,10+,0,10+,0,0,10+,10+,0
18/06/2023 12:45,2,3,20,,,,,0,10+,0,0,1-5,1-5,0,0,1-5,1-5,0,0,1-5,1-5,0,1-5,0,1-5,0,0,0,5-10,0,0,1-5,1-5,0,0,0,0,5-10,0,1-5,1-5,5-10,0,,,,,0,10+,0,1-5,5-10,0,,10+,0,1-5,0,1-5,0,5-10,0,1-5,0,5-10,0,5-10,0,0,5-10,10+,0
18/06/2023 12:45,2,3,4,,,,,1-5,0,0,0,1-5,1-5,0,1-5,1-5,1-5,0,0,1-5,1-5,0,0,0,0,0,0,0,0,0,0,0,0,0,0,0,1-5,1-5,0,0,0,1-5,0,,,,,1-5,1-5,0,0,1-5,0,,1-5,0,5-10,0,1-5,0,1-5,0,0,0,0,0,0,0,0,1-5,1-5,0
18/06/2023 12:45,2,6,2,,,,,0,10+,0,0,0,5-10,0,0,0,5-10,0,1-5,0,1-5,10+,1-5,0,1-5,0,0,0,1-5,0,0,0,1-5,0,1-5,0,0,0,0,0,1-5,0,0,,,,,5-10,10+,0,0,10+,0,,1-5,0,5-10,0,5-10,0,10+,0,1-5,0,5-10,0,5-10,0,0,0,0,0
18/06/2023 12:45,2,6,15,,,,,5-10,0,1-5,0,1-5,1-5,1-5,1-5,1-5,1-5,0,1-5,0,1-5,0,1-5,5-10,0,5-10,0,10+,0,0,0,10+,0,1-5,0,10+,0,0,0,10+,0,0,0,,,,,1-5,0,0,1-5,10+,0,,10+,0,10+,0,5-10,0,5-10,0,10+,0,10+,0,10+,0,0,10+,10+,0
18/06/2023 12:45,2,6,30,,,,,0,0,5-10,1-5,0,0,1-5,0,1-5,0,10+,1-5,0,0,10+,0,10+,0,0,0,10+,0,0,0,1-5,0,0,0,10+,0,0,0,1-5,0,0,1-5,,,,,1-5,0,0,0,1-5,0,,10+,0,10+,0,10+,0,10+,0,10+,0,10+,0,10+,0,0,10+,10+,0
18/06/2023 12:45,2,6,45,,,,,1-5,0,1-5,1-5,0,0,5-10,0,1-5,0,1-5,1-5,1-5,0,5-10,1-5,10+,0,1-5,0,10+,0,1-5,0,10+,0,10+,0,5-10,0,10+,0,5-10,0,10+,0,,,,,5-10,0,5-10,1-5,10+,0,סטטורוס,10+,0,10+,0,10+,0,10+,1-5,10+,0,10+,0,10+,0,0,10+,10+,0
18/06/2023 12:45,2,6,52,,,,,10+,0,1-5,1-5,5-10,0,5-10,1-5,10+,0,1-5,1-5,5-10,0,0,1-5,10+,0,0,1-5,10+,0,0,0,10+,0,10+,0,10+,0,10+,0,10+,1-5,10+,0,,,,,10+,0,0,0,10+,0,סטטוורס,10+,0,10+,0,10+,0,5-10,0,10+,0,10+,0,10+,0,0,10+,10+,0
18/06/2023 12:45,2,8,49,,,,,10+,0,0,1-5,0,0,10+,1-5,5-10,0,5-10,1-5,10+,0,5-10,1-5,10+,0,10+,1-5,10+,0,5-10,0,10+,0,0,0,10+,1-5,0,0,10+,0,0,1-5,,,,,1-5,0,0,0,5-10,0,,5-10,0,10+,0,10+,0,10+,0,10+,1-5,10+,0,10+,0,0,10+,10+,1-5
18/06/2023 12:45,2,8,42,,,,,10+,0,1-5,1-5,1-5,0,1-5,0,10+,0,1-5,0,5-10,0,1-5,0,10+,1-5,0,0,10+,0,0,0,10+,0,10+,0,10+,0,10+,0,5-10,0,0,0,,,,,1-5,0,1-5,0,1-5,0,,5-10,0,5-10,0,5-10,0,5-10,0,10+,0,10+,0,10+,0,0,10+,10+,0
18/06/2023 12:45,2,8,36,,,,,5-10,0,1-5,0,1-5,0,1-5,0,1-5,0,1-5,0,1-5,0,0,0,10+,0,0,0,10+,0,0,0,5-10,0,0,0,10+,1-5,0,0,5-10,0,0,0,,,,,5-10,0,1-5,0,10+,0,,10+,0,0,0,0,0,1-5,0,10+,0,10+,0,10+,0,0,10+,5-10,0
18/06/2023 12:45,2,8,20,,,,,1-5,0,0,0,0,0,0,1-5,0,0,1-5,0,0,0,10+,0,1-5,0,0,0,1-5,0,0,0,1-5,1-5,0,0,1-5,0,0,0,1-5,0,0,0,,כן,,,0,0,1-5,1-5,10+,0,,1-5,0,1-5,1-5,5-10,0,10+,0,1-5,0,0,0,0,0,0,10+,0,0
18/06/2023 12:45,2,8,5,,,,,0,0,0,0,0,0,10+,0,0,1-5,10+,0,0,0,10+,0,0,1-5,0,0,0,1-5,0,0,0,0,0,0,1-5,0,1-5,0,0,0,0,0,,,,,1-5,0,0,0,0,0,,0,0,10+,0,10+,0,10+,0,0,,0,0,10+,0,0,0,0,0
18/06/2023 12:45,2,9,7,,,,,0,0,5-10,0,0,1-5,0,0,0,0,1-5,0,0,0,1-5,0,5-10,0,0,0,0,,10+,0,1-5,0,0,1-5,0,0,5-10,0,0,0,1-5,0,,כן,,,0,1-5,0,0,0,0,"הזזנו את בסימום מעץ חמש
משום שיש עליו ממש מעט עלים

זחל סטטורוס",10+,0,1-5,0,0,0,1-5,0,0,0,10+,0,5-10,0,0,5-10,0,5-10
18/06/2023 12:45,2,9,21,,,,,0,1-5,0,0,1-5,0,0,1-5,0,1-5,0,0,0,0,5-10,0,1-5,0,0,0,0,0,10+,1-5,1-5,0,5-10,0,1-5,0,0,0,1-5,0,1-5,0,,,,,1-5,1-5,1-5,0,5-10,0,,1-5,0,1-5,0,0,0,5-10,0,0,0,10+,0,10+,0,0,5-10,10+,0
18/06/2023 12:45,2,9,35,,,,,0,0,10+,0,0,0,10+,0,0,0,10+,0,0,0,5-10,0,5-10,0,0,0,1-5,0,10+,0,1-5,0,5-10,0,1-5,0,5-10,0,1-5,0,0,0,,כן,,,0,0,10+,0,10+,0,,10+,0,10+,0,10+,0,5-10,0,0,0,10+,0,5-10,0,0,10+,5-10,0
18/06/2023 12:45,2,9,50,,,,,0,0,10+,0,0,0,10+,0,0,0,5-10,0,0,0,5-10,1-5,1-5,1-5,0,0,5-10,0,0,0,1-5,0,0,0,5-10,0,5-10,0,5-10,0,5-10,0,,כן,,,0,0,10+,0,10+,0,,10+,0,5-10,0,10+,0,10+,0,5-10,0,5-10,0,5-10,0,0,5-10,5-10,0
18/06/2023 12:45,2,9,64,,,,,0,0,5-10,0,0,0,1-5,1-5,5-10,1-5,0,1-5,5-10,0,1-5,1-5,1-5,0,0,0,0,0,1-5,0,0,0,1-5,0,1-5,0,0,0,0,0,0,0,,כן,,,0,1-5,0,0,0,0,עץ בקצה שורנה,5-10,0,1-5,0,5-10,0,5-10,0,1-5,0,10+,0,1-5,0,0,1-5,0,0
18/06/2023 12:45,2,12,65,,,,,0,0,0,0,1-5,0,0,0,1-5,1-5,0,0,0,0,0,0,1-5,0,0,0,0,0,1-5,1-5,0,0,5-10,0,0,0,0,0,0,0,0,0,,,,,0,1-5,0,0,0,0,,5-10,0,1-5,0,1-5,0,0,0,1-5,0,0,0,5-10,0,0,0,0,0
18/06/2023 12:45,2,12,50,,,,,0,0,0,0,1-5,0,10+,5-10,1-5,1-5,1-5,0,1-5,0,5-10,0,1-5,0,0,0,1-5,0,0,0,0,0,0,0,0,0,0,0,0,0,0,0,,כן,,,0,0,0,1-5,0,0,,0,0,10+,0,10+,0,5-10,0,1-5,0,0,0,0,0,0,0,0,0
18/06/2023 12:45,2,12,35,,,,,0,1-5,0,1-5,0,0,0,0,0,0,0,0,0,0,1-5,0,1-5,0,0,0,1-5,1-5,0,0,0,0,1-5,0,0,0,0,0,0,0,0,0,,,,,1-5,0,0,0,0,0,,5-10,0,0,0,0,0,0,0,0,0,0,0,1-5,0,0,0,0,0
18/06/2023 12:45,2,12,15,,,,,0,0,0,0,0,0,0,1-5,0,0,0,0,0,0,0,0,1-5,1-5,1-5,0,1-5,0,0,0,1-5,0,0,0,0,0,0,0,1-5,0,0,0,,,,,1-5,0,10+,1-5,10+,0,,0,0,0,0,0,0,5-10,0,1-5,0,0,0,0,0,0,0,1-5,0
18/06/2023 12:45,2,12,2,,,,,0,5-10,0,0,0,0,0,0,0,0,0,0,1-5,0,0,0,0,0,0,0,0,1-5,0,0,0,0,0,0,0,0,0,0,0,0,0,0,,,,,0,1-5,0,0,1-5,0,,1-5,0,0,0,0,0,0,0,0,0,0,0,0,0,0,0,0,0
18/06/2023 12:45,2,14,4,,,,,0,0,0,0,0,0,0,0,0,0,0,0,0,0,0,0,0,0,0,0,1-5,0,0,0,0,0,0,0,0,0,0,0,0,1-5,0,0,,,,,0,0,0,0,5-10,0,"העברתי מעץ חמש
היו בו מעט עלים",0,0,1-5,0,0,0,1-5,0,0,0,1-5,0,0,0,0,0,1-5,0
18/06/2023 12:45,2,14,20,,,,,0,0,10+,0,0,1-5,,0,0,0,0,0,1-5,0,5-10,0,5-10,0,1-5,1-5,0,0,10+,0,0,0,0,0,0,0,5-10,0,0,0,10+,0,,,,,,0,10+,1-5,10+,0,,10+,0,5-10,0,0,0,5-10,0,5-10,0,5-10,0,0,0,0,5-10,1-5,0
18/06/2023 12:45,2,14,36,,,,,0,0,10+,0,0,0,5-10,0,0,0,0,0,0,0,0,0,1-5,0,5-10,0,0,0,5-10,0,0,0,10+,0,0,0,0,0,0,0,1-5,0,,כן,,,0,0,1-5,0,1-5,0,,1-5,0,1-5,0,0,0,0,0,1-5,1-5,1-5,0,5-10,0,0,0,0,0
18/06/2023 12:45,2,14,50,,,,,0,0,10+,0,0,0,0,0,0,0,5-10,0,0,0,5-10,0,1-5,0,1-5,0,0,0,10+,0,0,0,10+,1-5,0,0,5-10,0,0,0,1-5,0,,כן,,,0,0,10+,5-10,10+,0,,10+,0,0,0,10+,0,10+,0,1-5,0,10+,0,10+,0,0,5-10,1-5,
18/06/2023 12:45,2,14,66,,,,,0,0,0,0,,0,1-5,1-5,0,0,5-10,0,0,0,0,0,1-5,0,1-5,0,1-5,0,5-10,1-5,0,0,0,1-5,0,0,0,0,0,0,1-5,0,,כן,,,1-5,0,1-5,0,1-5,0,,0,0,5-10,0,5-10,1-5,0,0,1-5,0,5-10,0,5-10,0,0,0,1-5,0
18/06/2023 12:45,2,15,35,,,,,10+,5-10,10+,0,1-5,0,,0,0,0,0,0,0,0,5-10,0,1-5,1-5,1-5,0,5-10,0,1-5,0,10+,0,0,0,5-10,0,0,0,0,0,1-5,0,,לא,,,0,0,5-10,0,5-10,0,,10+,1-5,5-10,0,0,0,5-10,0,5-10,0,5-10,0,5-10,0,0,1-5,1-5,0
18/06/2023 12:45,2,14,50,,,,,5-10,5-10,5-10,1-5,1-5,0,0,0,1-5,1-5,0,1-5,0,5-10,1-5,1-5,1-5,1-5,0,0,5-10,1-5,0,0,5-10,0,0,0,0,0,0,0,5-10,1-5,0,0,,,,,1-5,1-5,1-5,0,5-10,0,,5-10,0,1-5,0,1-5,0,5-10,0,1-5,0,0,0,0,0,0,0,0,0
18/06/2023 12:45,2,14,20,,,,,10+,0,10+,0,10+,0,10+,0,10+,0,0,0,0,0,10+,0,10+,1-5,5-10,0,1-5,1-5,1-5,0,1-5,1-5,1-5,0,1-5,0,1-5,0,1-5,0,1-5,1-5,,,,,1-5,0,0,0,1-5,0,,10+,0,10+,0,1-5,0,10+,0,5-10,0,1-5,0,1-5,0,0,1-5,1-5,0
18/06/2023 12:45,2,14,5,,,,,1-5,1-5,0,0,0,0,0,5-10,1-5,0,0,0,0,1-5,0,0,5-10,0,0,0,0,0,0,0,1-5,0,1-5,0,1-5,0,1-5,1-5,1-5,0,0,0,,כן,,,1-5,1-5,0,0,1-5,0,זחל סטטוורוס,1-5,0,10+,0,1-5,0,1-5,0,1-5,0,0,0,0,0,0,1-5,0,0
18/06/2023 12:45,2,15,5,,,,,1-5,1-5,0,0,0,0,0,0,0,1-5,0,0,0,0,0,0,1-5,1-5,1-5,5-10,0,0,0,0,0,0,5-10,1-5,1-5,1-5,0,0,1-5,0,0,0,,,,,1-5,1-5,1-5,1-5,10+,0,,5-10,0,0,0,5-10,0,0,0,5-10,1-5,0,0,5-10,0,0,1-5,1-5,0
18/06/2023 12:45,2,15,20,,,,,0,0,0,0,0,0,10+,0,0,0,5-10,0,0,0,0,0,1-5,1-5,1-5,1-5,1-5,1-5,1-5,1-5,1-5,1-5,1-5,0,1-5,1-5,0,0,0,0,0,0,,,,,1-5,0,0,,1-5,0,,5-10,0,5-10,0,5-10,0,0,0,5-10,0,1-5,0,1-5,0,0,1-5,0,0
18/06/2023 12:45,2,15,35,,,,,0,0,5-10,0,0,0,1-5,0,0,0,5-10,1-5,0,0,10+,0,1-5,1-5,0,0,10+,1-5,0,0,10+,1-5,10+,0,1-5,1-5,0,0,1-5,0,0,0,,,,,1-5,0,5-10,1-5,5-10,0,,5-10,0,5-10,0,1-5,0,5-10,0,1-5,0,1-5,0,10+,5-10,0,1-5,5-10,0
18/06/2023 12:45,2,15,50,,,,,5-10,5-10,0,0,5-10,5-10,0,0,0,5-10,0,0,0,1-5,0,0,10+,0,10+,0,5-10,0,5-10,0,0,0,0,0,0,1-5,0,0,5-10,0,5-10,0,,,,,1-5,1-5,0,0,1-5,0,,5-10,0,5-10,0,5-10,0,1-5,0,5-10,0,5-10,0,0,0,0,1-5,1-5,0
18/06/2023 12:45,2,18,5,,,,,0,0,1-5,0,0,0,0,0,0,0,0,0,0,0,1-5,0,1-5,0,10+,0,0,0,1-5,0,1-5,0,0,0,1-5,1-5,1-5,0,1-5,1-5,1-5,0,,,,,0,0,10+,0,10+,5-10,,5-10,0,0,0,0,0,1-5,0,5-10,0,1-5,0,0,0,0,1-5,1-5,0
18/06/2023 12:45,2,18,20,,,,,0,0,10+,1-5,1-5,0,5-10,0,0,0,5-10,0,0,0,5-10,0,0,0,5-10,0,5-10,0,5-10,0,5-10,0,10+,0,5-10,0,5-10,0,10+,0,10+,0,,,,,0,0,1-5,0,0,0,,10+,0,5-10,0,10+,0,5-10,0,5-10,0,5-10,0,5-10,0,0,5-10,5-10,0
18/06/2023 12:45,2,18,35,,,,,0,0,1-5,0,0,0,10+,0,0,0,10+,0,0,0,1-5,,1-5,1-5,0,0,1-5,0,1-5,0,0,0,1-5,0,0,0,5-10,0,1-5,0,1-5,0,,,,,0,0,5-10,0,10+,0,,1-5,0,10+,0,10+,0,10+,0,0,0,1-5,0,0,0,0,5-10,10+,0
18/06/2023 12:45,2,18,50,,,,,0,0,0,0,0,0,0,0,0,0,10+,0,0,0,1-5,0,0,0,5-10,0,0,0,1-5,0,0,0,5-10,0,0,0,1-5,0,1-5,0,0,0,,,,,0,0,0,0,5-10,0,,1-5,0,0,0,5-10,0,1-5,0,1-5,0,1-5,0,1-5,0,0,0,1-5,0
18/06/2023 12:45,2,18,65,,,,,0,1-5,1-5,0,0,0,1-5,,0,0,5-10,1-5,0,0,1-5,0,1-5,0,5-10,1-5,0,0,0,0,0,0,0,0,0,0,1-5,0,1-5,0,5-10,0,,,,,0,0,1-5,0,5-10,5-10,,0,0,1-5,0,1-5,0,5-10,0,5-10,0,1-5,0,0,0,0,5-10,1-5,0
18/06/2023 12:46,2,21,68,,,,,0,0,0,0,0,0,,,,1-5,1-5,,,1-5,5-10,,1-5,,1-5,,0,,0,,0,0,0,0,0,0,0,0,0,0,0,0,,,,,0,0,0,0,0,0,,0,0,1-5,0,5-10,,5-10,,1-5,,0,,0,0,0,0,0,0
18/06/2023 12:46,2,21,60,,,,,,,1-5,,,,1-5,,,,10+,,,,10+,1-5,,1-5,1-5,,,,1-5,,0,0,0,,,,1-5,,,1-5,,,,כן,,,,,5-10,,5-10,,,1-5,,1-5,,5-10,,10+,,5-10,,5-10,,,0,,1-5,1-5,
18/06/2023 12:46,2,21,40,,,,,1-5,,10+,,,,1-5,,1-5,,,,,,5-10,,1-5,,1-5,,1-5,1-5,,,1-5,,1-5,,1-5,,1-5,,1-5,,,,,כן,,,1-5,5-10,1-5,,1-5,,דילגהו על עץ 50,5-10,,1-5,,1-5,,5-10,,1-5,,1-5,,,,,,,
18/06/2023 12:46,2,21,20,,,,,,1-5,10+,,0,0,10+,0,,1-5,,,,,10+,,,,10+,,1-5,,1-5,,1-5,1-5,,,1-5,,,,1-5,,1-5,1-5,,,,,1-5,1-5,5-10,,1-5,,"דילגתי על 30
גם ככה אין לו הרבה עלים",1-5,,1-5,,1-5,,1-5,,1-5,,1-5,,1-5,0,,,1-5,
18/06/2023 12:46,2,,,,,,,,,,,,,,,,,,,,,,,,,,,,,,,,,,,,,,,,,,,,,,,,,,,,,,,,,,,,,,,,,,,,,,,
18/06/2023 12:46,2,21,10,,,,,1-5,,10+,,,1-5,,,,,5-10,,,1-5,,,,,1-5,,1-5,,5-10,1-5,,,10+,,1-5,,5-10,,,,,,,,,,,,1-5,,1-5,,,10+,,1-5,,5-10,,1-5,,5-10,,1-5,,,5-10,,5-10,1-5,0
18/06/2023 12:46,2,22,30,,,,,,1-5,1-5,,,1-5,1-5,1-5,,,5-10,,,,5-10,,1-5,1-5,,,1-5,1-5,1-5,,1-5,,1-5,1-5,5-10,1-5,5-10,,1-5,,,,,,,,,1-5,10+,,5-10,,,1-5,,5-10,,5-10,,5-10,,5-10,,,,5-10,0,,5-10,1-5,